<?xml version="1.0" encoding="UTF-8"?>
<plugin>
  <name>Discord Login Plugin</name>
  <author>BangingHeads</author>
<!-- Feel free to include your github repo here -->
  <website>https://www.github.com/bangingheads/UserSpiceDiscordOAuth</website>

<!-- the version of the plugin iteself -->
  <version>2.1.0</version>

<!-- release date of THIS version -->
  <release>June 21, 2025</release>

<!-- the last version of UserSpice you tested the plugin with -->
  <tested>5.8.6</tested>

<!-- What does your plugin do? -->
  <description>This plugin allows you to login via Discord OAuth.</description>

  <!-- This is the launch button in the plugin manager. If it is blank or missing, Configure Plugin will show up. -->
    <button>Configure Discord</button>
</plugin>
